{
  "type": "crafting_shaped",
  "pattern": [
    "GGG",
    "QQQ",
    "WWW"
  ],
  "key": {
    "Q": {
      "item": "minecraft:quartz"
    },
    "G": {
      "item": "minecraft:glass"
    },
    "W": [
      {
        "item": "minecraft:oak_slab"
      },
      {
        "item": "minecraft:spruce_slab"
      },
      {
        "item": "minecraft:birch_slab"
      },
      {
        "item": "minecraft:jungle_slab"
      },
      {
        "item": "minecraft:acacia_slab"
      },
      {
        "item": "minecraft:dark_oak_slab"
      }
    ]
  },
  "result": {
    "item": "minecraft:daylight_detector"
  }
}